,Unnamed: 0,Unnamed: 0.1,name,company,year,Price,kms_driven,fuel_type
0,0,0,Hyundai Santro Xing,Hyundai,2007,80000,45000,Petrol
1,1,1,Mahindra Jeep CL550,Mahindra,2006,425000,40,Diesel
2,2,2,Hyundai Grand i10,Hyundai,2014,325000,28000,Petrol
3,3,3,Ford EcoSport Titanium,Ford,2014,575000,36000,Diesel
4,4,4,Ford Figo,Ford,2012,175000,41000,Diesel
5,5,5,Hyundai Eon,Hyundai,2013,190000,25000,Petrol
6,6,6,Ford EcoSport Ambiente,Ford,2016,830000,24530,Diesel
7,7,7,Maruti Suzuki Alto,Maruti,2015,250000,60000,Petrol
8,8,8,Skoda Fabia Classic,Skoda,2010,182000,60000,Petrol
9,9,9,Maruti Suzuki Stingray,Maruti,2015,315000,30000,Petrol
10,10,10,Hyundai Elite i20,Hyundai,2014,415000,32000,Petrol
11,11,11,Mahindra Scorpio SLE,Mahindra,2015,320000,48660,Diesel
12,12,12,Hyundai Santro Xing,Hyundai,2007,80000,45000,Petrol
13,13,13,Mahindra Jeep CL550,Mahindra,2006,425000,40,Diesel
14,14,14,Audi A8,Audi,2017,1000000,4000,Petrol
15,15,15,Audi Q7,Audi,2014,500000,16934,Diesel
16,16,16,Mahindra Scorpio S10,Mahindra,2016,350000,43000,Diesel
17,17,17,Maruti Suzuki Alto,Maruti,2014,160000,35550,Petrol
18,18,18,Mahindra Scorpio S10,Mahindra,2016,350000,43000,Diesel
19,19,19,Mahindra Scorpio S10,Mahindra,2016,310000,39522,Diesel
20,20,20,Maruti Suzuki Alto,Maruti,2015,75000,39000,Petrol
21,21,21,Hyundai i20 Sportz,Hyundai,2012,100000,55000,Petrol
22,22,22,Hyundai i20 Sportz,Hyundai,2012,100000,55000,Petrol
23,23,23,Hyundai i20 Sportz,Hyundai,2012,100000,55000,Petrol
24,24,24,Maruti Suzuki Alto,Maruti,2017,190000,72000,Petrol
25,25,25,Maruti Suzuki Vitara,Maruti,2016,290000,15975,Diesel
26,26,26,Maruti Suzuki Alto,Maruti,2008,95000,70000,Petrol
27,27,27,Mahindra Bolero DI,Mahindra,2017,180000,23452,Diesel
28,28,28,Maruti Suzuki Swift,Maruti,2014,385000,35522,Diesel
29,29,29,Mahindra Scorpio S10,Mahindra,2015,250000,48508,Diesel
30,30,30,Maruti Suzuki Swift,Maruti,2017,180000,15487,Petrol
31,31,31,Maruti Suzuki Wagon,Maruti,2013,105000,39000,Petrol
32,32,32,Maruti Suzuki Wagon,Maruti,2013,105000,39000,Petrol
33,33,33,Toyota Innova 2.0,Toyota,2012,650000,82000,Diesel
34,34,34,Renault Lodgy 85,Renault,2018,689999,20000,Diesel
35,35,35,Skoda Yeti Ambition,Skoda,2012,448000,68000,Diesel
36,36,36,Maruti Suzuki Baleno,Maruti,2017,549000,32000,Diesel
37,37,37,Renault Duster 110,Renault,2012,501000,38000,Diesel
38,38,38,Renault Duster 85,Renault,2013,489999,27000,Diesel
39,39,39,Honda City 1.5,Honda,2011,280000,33000,Petrol
40,40,40,Maruti Suzuki Alto,Maruti,2015,250000,60000,Petrol
41,41,41,Maruti Suzuki Dzire,Maruti,2013,349999,46000,Diesel
42,42,42,Honda Amaze,Honda,2013,284999,46000,Diesel
43,43,43,Honda Amaze 1.5,Honda,2015,345000,36000,Diesel
44,44,44,Honda City,Honda,2015,499999,55000,Petrol
45,45,45,Datsun Redi GO,Datsun,2017,235000,16000,Petrol
46,46,46,Maruti Suzuki SX4,Maruti,2010,249999,36000,Petrol
47,47,47,Mitsubishi Pajero Sport,Mitsubishi,2015,1475000,47000,Diesel
48,48,48,Mahindra Bolero DI,Mahindra,2017,180000,23452,Diesel
49,49,49,Maruti Suzuki Swift,Maruti,2014,385000,35522,Diesel
50,50,50,Mahindra Scorpio S10,Mahindra,2015,250000,48508,Diesel
51,51,51,Maruti Suzuki Swift,Maruti,2017,180000,15487,Petrol
52,52,52,Maruti Suzuki Wagon,Maruti,2013,105000,39000,Petrol
53,53,53,Maruti Suzuki Wagon,Maruti,2013,105000,39000,Petrol
54,54,54,Mahindra Scorpio S10,Mahindra,2015,395000,35000,Diesel
55,55,55,Maruti Suzuki Swift,Maruti,2017,220000,30874,Petrol
56,56,56,Honda City ZX,Honda,2017,170000,15000,Diesel
57,57,57,Maruti Suzuki Wagon,Maruti,2013,85000,29685,Petrol
58,58,58,Ford Figo,Ford,2012,175000,41000,Diesel
59,59,59,Hyundai Eon,Hyundai,2013,190000,25000,Petrol
60,60,60,Tata Indigo eCS,Tata,2017,200000,130000,Diesel
61,61,61,Ford EcoSport Ambiente,Ford,2016,830000,24530,Diesel
62,62,62,Tata Indigo eCS,Tata,2017,200000,130000,Diesel
63,63,63,Mahindra Scorpio SLE,Mahindra,2012,570000,19000,Diesel
64,64,64,Volkswagen Polo Highline,Volkswagen,2014,315000,60000,Petrol
65,65,65,Skoda Fabia Classic,Skoda,2010,182000,60000,Petrol
66,66,66,Maruti Suzuki Stingray,Maruti,2015,315000,30000,Petrol
67,67,67,Chevrolet Spark LS,Chevrolet,2010,110000,41000,Petrol
68,68,68,Renault Duster 110PS,Renault,2012,501000,35000,Diesel
69,69,69,Honda City,Honda,2015,448999,54000,Petrol
70,70,70,Mini Cooper S,Mini,2013,1891111,13000,Petrol
71,71,71,Datsun Redi GO,Datsun,2017,235000,16000,Petrol
72,72,72,Skoda Fabia 1.2L,Skoda,2011,159500,38200,Diesel
73,73,73,Honda Amaze,Honda,2015,344999,22000,Petrol
74,74,74,Honda Amaze,Honda,2015,344999,22000,Petrol
75,75,75,Renault Duster,Renault,2014,449999,50000,Diesel
76,76,76,Mini Cooper S,Mini,2013,1891111,13500,Petrol
77,77,77,Mahindra Scorpio S4,Mahindra,2015,865000,30000,Diesel
78,78,78,Mahindra Scorpio VLX,Mahindra,2014,699000,50000,Diesel
79,79,79,Mahindra Quanto C8,Mahindra,2013,375000,20000,Diesel
80,80,80,Ford EcoSport,Ford,2017,489999,39000,Petrol
81,81,81,Honda Brio,Honda,2012,224999,30000,Petrol
82,82,82,Volkswagen Vento Highline,Volkswagen,2019,1200000,3600,Diesel
83,83,83,Hyundai i20 Magna,Hyundai,2009,195000,32000,Petrol
84,84,84,Toyota Corolla Altis,Toyota,2010,351000,38000,Diesel
85,85,85,Hyundai Verna Transform,Hyundai,2008,160000,45000,Petrol
86,86,86,Toyota Corolla Altis,Toyota,2009,240000,35000,Petrol
87,87,87,Honda City 1.5,Honda,2005,90000,50000,Petrol
88,88,88,Hyundai Elite i20,Hyundai,2014,415000,32000,Petrol
89,89,89,Skoda Fabia 1.2L,Skoda,2011,155000,45863,Diesel
90,90,90,BMW 3 Series,BMW,2011,600000,60500,Petrol
91,91,91,Maruti Suzuki A,Maruti,2011,189500,12500,Petrol
92,92,92,Toyota Etios GD,Toyota,2013,350000,60000,Diesel
93,93,93,Ford Figo Diesel,Ford,2012,210000,35000,Diesel
94,94,94,Maruti Suzuki Swift,Maruti,2014,390000,35000,Petrol
95,95,95,Chevrolet Beat LT,Chevrolet,2012,135000,45000,Diesel
96,96,96,BMW 7 Series,BMW,2009,1600000,35000,Petrol
97,97,97,Mahindra XUV500 W8,Mahindra,2013,701000,38000,Diesel
98,98,98,Hyundai i10 Magna,Hyundai,2014,265000,18000,Petrol
99,99,99,Hyundai Verna Fluidic,Hyundai,2015,525000,35000,Diesel
100,100,100,Maruti Suzuki Swift,Maruti,2013,372000,13349,Petrol
101,101,101,Maruti Suzuki Ertiga,Maruti,2016,635000,29000,Petrol
102,102,102,Ford EcoSport Titanium,Ford,2014,550000,44000,Diesel
103,103,103,Maruti Suzuki Ertiga,Maruti,2016,575000,29000,Petrol
104,104,104,Maruti Suzuki Ertiga,Maruti,2013,485000,42000,Diesel
105,105,105,Maruti Suzuki Alto,Maruti,2012,155000,14000,Petrol
106,106,106,Hyundai Grand i10,Hyundai,2014,345000,49000,Diesel
107,107,107,Honda Amaze 1.2,Honda,2014,325000,42000,Petrol
108,108,108,Hyundai i20 Asta,Hyundai,2012,329500,36200,Diesel
109,109,109,Ford Figo Diesel,Ford,2014,195000,50000,Diesel
110,110,110,Maruti Suzuki Eeco,Maruti,2015,251111,55000,Petrol
111,111,111,Maruti Suzuki Ertiga,Maruti,2014,569999,45000,Petrol
112,112,112,Maruti Suzuki Esteem,Maruti,2007,69999,51000,Petrol
113,113,113,Maruti Suzuki Ritz,Maruti,2014,299999,19000,Petrol
114,114,114,Maruti Suzuki Dzire,Maruti,2009,220000,46000,Petrol
115,115,115,Maruti Suzuki Ritz,Maruti,2013,399999,33000,Diesel
116,116,116,Maruti Suzuki Swift,Maruti,2013,372000,13349,Petrol
117,117,117,Maruti Suzuki Dzire,Maruti,2015,450000,104000,Diesel
118,118,118,Toyota Etios Liva,Toyota,2014,270000,55000,Petrol
119,119,119,Hyundai i20 Sportz,Hyundai,2011,350000,33333,Diesel
120,120,120,Chevrolet Spark,Chevrolet,2012,158400,33600,Petrol
121,121,121,Maruti Suzuki Alto,Maruti,2017,350000,5600,Petrol
122,122,122,Nissan Micra XV,Nissan,2011,179000,41000,Petrol
123,123,123,Maruti Suzuki Swift,Maruti,2007,125000,70000,Petrol
124,124,124,Maruti Suzuki Alto,Maruti,2018,200000,7500,Petrol
125,125,125,Honda Amaze 1.5,Honda,2013,299000,45000,Diesel
126,126,126,Maruti Suzuki Alto,Maruti,2015,220000,38000,Petrol
127,127,127,Chevrolet Beat,Chevrolet,2015,150000,30000,Petrol
128,128,128,Toyota Corolla,Toyota,2009,275000,26000,
129,129,129,Honda City 1.5,Honda,2010,285000,35000,Petrol
130,130,130,Ford EcoSport Trend,Ford,2016,830000,24330,Diesel
131,131,131,Hyundai i20 Asta,Hyundai,2009,210000,65480,Petrol
132,132,132,Maruti Suzuki Swift,Maruti,2013,340000,41000,Petrol
133,133,133,Tata Indica V2,Tata,2006,90000,20000,Petrol
134,134,134,Hindustan Motors Ambassador,Hindustan,2000,70000,200000,Diesel
135,135,135,Toyota Corolla Altis,Toyota,2010,289999,70000,Petrol
136,136,136,Toyota Corolla Altis,Toyota,2012,349999,59000,Petrol
137,137,137,Toyota Innova 2.5,Toyota,2012,849999,99000,Diesel
138,138,138,Volkswagen Jetta Highline,Volkswagen,2014,749999,46000,Diesel
139,139,139,Volkswagen Polo Comfortline,Volkswagen,2015,399999,2800,Petrol
140,140,140,Volkswagen Polo,Volkswagen,2014,274999,32000,Petrol
141,141,141,Mahindra Scorpio,Mahindra,2015,984999,22000,Diesel
142,142,142,Renault Duster,Renault,2014,449999,50000,Diesel
143,143,143,Honda Amaze,Honda,2015,344999,22000,Petrol
144,144,144,Nissan Sunny,Nissan,2012,224999,45000,Petrol
145,145,145,Hyundai Elite i20,Hyundai,2018,599999,21000,Petrol
146,146,146,Renault Kwid,Renault,2016,244999,11000,Petrol
147,147,147,Renault Duster,Renault,2013,399999,41000,Diesel
148,148,148,Ford EcoSport,Ford,2017,489999,39000,Petrol
149,149,149,Renault Duster,Renault,2014,474999,50000,Diesel
150,150,150,Mahindra Scorpio VLX,Mahindra,2011,499999,66000,Diesel
151,151,151,Maruti Suzuki Alto,Maruti,2018,310000,3000,Petrol
152,152,152,Chevrolet Spark LT,Chevrolet,2010,85000,45000,Petrol
153,153,153,Datsun Redi GO,Datsun,2016,245000,7000,Petrol
154,154,154,Maruti Suzuki Swift,Maruti,2010,189500,38500,Diesel
155,155,155,Fiat Punto Emotion,Fiat,2012,169500,37200,Diesel
156,156,156,Maruti Suzuki Swift,Maruti,2010,159500,43200,Diesel
157,157,157,Toyota Etios GD,Toyota,2013,275000,24800,Petrol
158,158,158,Hyundai i20 Sportz,Hyundai,2014,370000,60000,Diesel
159,159,159,Hyundai i10 Sportz,Hyundai,2010,168000,45872,Petrol
160,160,160,Chevrolet Beat LT,Chevrolet,2011,150000,40000,Diesel
161,161,161,Chevrolet Beat LS,Chevrolet,2011,145000,45000,Diesel
162,162,162,Chevrolet Beat LT,Chevrolet,2012,98500,38000,Diesel
163,163,163,Mahindra Scorpio VLX,Mahindra,2014,699000,50000,Diesel
164,164,164,Tata Indigo CS,Tata,2011,85000,11400,Diesel
165,165,165,Toyota Corolla Altis,Toyota,2015,575000,42000,Petrol
166,166,166,Honda City 1.5,Honda,2014,549000,39000,Petrol
167,167,167,Maruti Suzuki Swift,Maruti,2011,209000,47000,Diesel
168,168,168,Hyundai Eon Era,Hyundai,2013,185000,27000,Petrol
169,169,169,Mahindra Scorpio S10,Mahindra,2015,900000,97200,Diesel
170,170,170,Mahindra XUV500,Mahindra,2014,699999,52000,Diesel
171,171,171,Honda Brio,Honda,2012,224999,30000,Petrol
172,172,172,Ford Fiesta,Ford,2011,274999,55000,Diesel
173,173,173,Honda Amaze,Honda,2013,284999,46000,Diesel
174,174,174,Honda City,Honda,2015,599999,30000,Diesel
175,175,175,Maruti Suzuki Wagon,Maruti,2012,199999,44000,Petrol
176,176,176,Honda City,Honda,2014,544999,45000,Diesel
177,177,177,Hyundai i20,Hyundai,2009,199000,31000,Petrol
178,178,178,Tata Indigo eCS,Tata,2016,320000,175430,Diesel
179,179,179,Hyundai Fluidic Verna,Hyundai,2015,540000,38000,Diesel
180,180,180,Mahindra Quanto C8,Mahindra,2013,340000,37000,Diesel
181,181,181,Fiat Petra ELX,Fiat,2008,75000,65000,Petrol
182,182,182,Skoda Fabia 1.2L,Skoda,2011,159500,38200,Diesel
183,183,183,Mini Cooper S,Mini,2013,1891111,13000,Petrol
184,184,184,Hyundai Santro Xing,Hyundai,2005,49000,7500,Petrol
185,185,185,Maruti Suzuki Ciaz,Maruti,2016,700000,3350,Petrol
186,186,186,Maruti Suzuki Zen,Maruti,2000,55000,60000,Petrol
187,187,187,Honda City,Honda,2015,448999,54000,Petrol
188,188,188,Hyundai Creta 1.6,Hyundai,2017,895000,32000,Petrol
189,189,189,Mahindra Scorpio SLX,Mahindra,2007,355000,75000,Diesel
190,190,190,Mahindra Scorpio SLE,Mahindra,2012,565000,62000,Diesel
191,191,191,Toyota Innova 2.5,Toyota,2006,365000,73000,Diesel
192,192,192,Maruti Suzuki Alto,Maruti,2011,145000,41000,Petrol
193,193,193,Maruti Suzuki Wagon,Maruti,2011,210000,35000,Petrol
194,194,194,Tata Nano Cx,Tata,2013,40000,2200,Petrol
195,195,195,Maruti Suzuki Alto,Maruti,2013,125000,39000,Petrol
196,196,196,Maruti Suzuki Wagon,Maruti,2009,135000,45000,Petrol
197,197,197,Maruti Suzuki Swift,Maruti,2006,135000,45000,Petrol
198,198,198,Tata Sumo Victa,Tata,2012,285000,65000,Diesel
199,199,199,Maruti Suzuki Wagon,Maruti,2010,145000,54870,Petrol
200,200,200,Maruti Suzuki Alto,Maruti,2010,135000,34580,Petrol
201,201,201,Volkswagen Passat Diesel,Volkswagen,2009,450000,97000,Diesel
202,202,202,Renault Scala RxL,Renault,2015,375000,25000,Diesel
203,203,203,Mahindra Quanto C8,Mahindra,2013,375000,20000,Diesel
204,204,204,Hyundai Grand i10,Hyundai,2014,365000,20000,Petrol
205,205,205,Hyundai i20 Active,Hyundai,2015,500000,18000,Petrol
206,206,206,Mahindra Xylo E4,Mahindra,2012,400000,35000,Diesel
207,207,207,Mahindra Jeep MM,Mahindra,2019,390000,60,Diesel
208,208,208,Renault Duster 110PS,Renault,2012,501000,35000,Diesel
209,209,209,Mahindra Bolero SLE,Mahindra,2013,330000,80200,Diesel
210,210,210,Force Motors Force,Force,2015,580000,3200,Diesel
211,211,211,Maruti Suzuki SX4,Maruti,2012,265000,46000,Diesel
212,212,212,Mahindra Jeep CL550,Mahindra,2019,379000,0,Diesel
213,213,213,Maruti Suzuki Alto,Maruti,2015,219000,5000,Petrol
214,214,214,Mahindra Jeep CL550,Mahindra,2018,385000,588,Diesel
215,215,215,Toyota Etios,Toyota,2011,275000,36000,Diesel
216,216,216,Volkswagen Polo,Volkswagen,2015,330000,38000,Diesel
217,217,217,Honda City ZX,Honda,2008,110000,45000,Petrol
218,218,218,Maruti Suzuki Wagon,Maruti,2006,80000,71200,Petrol
219,219,219,Honda City VX,Honda,2016,519000,52000,Diesel
220,220,220,Mahindra Thar CRDe,Mahindra,2016,730000,29000,Diesel
221,221,221,Mitsubishi Pajero Sport,Mitsubishi,2015,1475000,47000,Diesel
222,222,222,Audi A4 1.8,Audi,2009,699000,47000,Petrol
223,223,223,Mercedes Benz GLA,Mercedes,2015,2000000,20000,Diesel
224,224,224,Land Rover Freelander,Land,2015,2100000,30000,Diesel
225,225,225,Renault Kwid RXT,Renault,2017,340000,5000,Petrol
226,226,226,Tata Aria Pleasure,Tata,2014,390000,35000,Diesel
227,227,227,Mercedes Benz B,Mercedes,2014,1400000,31000,Petrol
228,228,228,Datsun GO T,Datsun,2016,245000,7000,Petrol
229,229,229,Tata Indigo eCS,Tata,2016,320000,175430,Diesel
230,230,230,Tata Indigo eCS,Tata,2016,320000,175400,Diesel
231,231,231,Honda Jazz VX,Honda,2016,450000,41000,Petrol
232,232,232,Honda Amaze 1.2,Honda,2014,311000,33000,Petrol
233,233,233,Honda Amaze,Honda,2013,284999,46000,Diesel
234,234,234,Honda City,Honda,2012,399999,45000,Petrol
235,235,235,Honda City,Honda,2015,599999,39000,Diesel
236,236,236,Honda Amaze,Honda,2015,344999,22000,Petrol
237,237,237,Audi A4 1.8,Audi,2009,699000,47000,Petrol
238,238,238,Force Motors Force,Force,2015,580000,3200,Diesel
239,239,239,Mahindra Scorpio S4,Mahindra,2015,855000,30000,Diesel
240,240,240,Hyundai i20 Active,Hyundai,2015,535000,37000,Diesel
241,241,241,Mini Cooper S,Mini,2013,1891111,13000,Petrol
242,242,242,Maruti Suzuki Ciaz,Maruti,2017,699000,14000,Petrol
243,243,243,Chevrolet Tavera Neo,Chevrolet,2013,375000,55000,Diesel
244,244,244,Honda Amaze,Honda,2013,284999,46000,Diesel
245,245,245,Hyundai Eon Sportz,Hyundai,2012,178000,30000,Petrol
246,246,246,Tata Sumo Gold,Tata,2013,300000,50000,Diesel
247,247,247,Maruti Suzuki Wagon,Maruti,2003,90000,45000,Petrol
248,248,248,Maruti Suzuki Esteem,Maruti,2006,95000,45000,Petrol
249,249,249,Maruti Suzuki Eeco,Maruti,2015,255000,9300,Petrol
250,250,250,Chevrolet Enjoy 1.4,Chevrolet,2013,245000,55000,Diesel
251,251,251,Hyundai i20 Asta,Hyundai,2012,329500,36200,Diesel
252,252,252,Ford Figo Diesel,Ford,2014,195000,50000,Diesel
253,253,253,Maruti Suzuki Eeco,Maruti,2015,251111,55000,Petrol
254,254,254,Maruti Suzuki Ertiga,Maruti,2014,569999,45000,Petrol
255,255,255,Maruti Suzuki Esteem,Maruti,2007,69999,51000,Petrol
256,256,256,Maruti Suzuki Ritz,Maruti,2014,299999,19000,Petrol
257,257,257,Maruti Suzuki Dzire,Maruti,2009,220000,46000,Petrol
258,258,258,Maruti Suzuki Ritz,Maruti,2013,399999,33000,Diesel
259,259,259,Maruti Suzuki SX4,Maruti,2010,249999,36000,Petrol
260,260,260,Maruti Suzuki Wagon,Maruti,2015,289999,22000,Petrol
261,261,261,Mini Cooper S,Mini,2013,1891111,13500,Petrol
262,262,262,Nissan Terrano XL,Nissan,2015,499999,60000,Diesel
263,263,263,Renault Duster 85,Renault,2013,489999,27000,Diesel
264,264,264,Renault Duster 85,Renault,2014,489999,59000,Diesel
265,265,265,Renault Duster 85,Renault,2015,549999,19000,Diesel
266,266,266,Maruti Suzuki Dzire,Maruti,2013,380000,30000,Petrol
267,267,267,Renault Kwid RXT,Renault,2018,325000,15000,Petrol
268,268,268,Maruti Suzuki Maruti,Maruti,2003,57000,56758,Petrol
269,269,269,Renault Kwid 1.0,Renault,2018,349999,10000,Petrol
270,270,270,Renault Lodgy 85,Renault,2018,689999,20000,Diesel
271,271,271,Renault Scala RxL,Renault,2014,349999,49000,Diesel
272,272,272,Hyundai Grand i10,Hyundai,2014,410000,41000,Petrol
273,273,273,Maruti Suzuki Swift,Maruti,2011,225000,45000,Petrol
274,274,274,Chevrolet Beat LS,Chevrolet,2010,120000,43000,Petrol
275,275,275,Tata Indigo eCS,Tata,2016,320000,175430,Diesel
276,276,276,Hyundai Santro Xing,Hyundai,2000,59000,56450,Petrol
277,277,277,Hyundai Fluidic Verna,Hyundai,2015,540000,38000,Diesel
278,278,278,Chevrolet Beat LS,Chevrolet,2010,80000,56000,Petrol
279,279,279,Mahindra Quanto C8,Mahindra,2013,340000,37000,Diesel
280,280,280,Fiat Petra ELX,Fiat,2008,75000,65000,Petrol
281,281,281,Chevrolet Beat LS,Chevrolet,2015,220000,32700,Petrol
282,282,282,Skoda Fabia 1.2L,Skoda,2011,159500,38200,Diesel
283,283,283,Ford EcoSport Titanium,Ford,2016,599000,30000,Diesel
284,284,284,Hyundai Accent GLX,Hyundai,2006,80000,56000,Petrol
285,285,285,Mahindra TUV300 T4,Mahindra,2016,675000,9000,Diesel
286,286,286,Mini Cooper S,Mini,2013,1891111,13000,Petrol
287,287,287,Mini Cooper S,Mini,2013,1891111,13000,Petrol
288,288,288,Tata Indica V2,Tata,2008,150000,11000,Petrol
289,289,289,Mini Cooper S,Mini,2013,1891111,13000,Petrol
290,290,290,Tata Indigo CS,Tata,2009,72500,46000,Diesel
291,291,291,Maruti Suzuki Swift,Maruti,2019,610000,73,Petrol
292,292,292,Mahindra Scorpio VLX,Mahindra,2004,230000,160000,Diesel
293,293,293,Honda Accord,Honda,2009,175000,58559,Petrol
294,294,294,Mahindra Scorpio S4,Mahindra,2015,855000,30000,Diesel
295,295,295,Chevrolet Tavera Neo,Chevrolet,2013,375000,55000,Diesel
296,296,296,Ford EcoSport Titanium,Ford,2014,520000,57000,Diesel
297,297,297,Maruti Suzuki Ertiga,Maruti,2015,524999,50000,Diesel
298,298,298,Honda Amaze,Honda,2014,299999,37000,Petrol
299,299,299,Maruti Suzuki Dzire,Maruti,2012,299999,40000,Petrol
300,300,300,Honda City,Honda,2011,284999,55000,Petrol
301,301,301,Mahindra Scorpio 2.6,Mahindra,2007,220000,170000,Diesel
302,302,302,Maruti Suzuki Dzire,Maruti,2014,424999,55000,Diesel
303,303,303,Honda City,Honda,2015,644999,39000,Petrol
304,304,304,Honda Mobilio,Honda,2014,399999,44000,Petrol
305,305,305,Toyota Corolla Altis,Toyota,2009,199999,65000,Petrol
306,306,306,Honda City,Honda,2014,584999,39000,Petrol
307,307,307,Skoda Laura,Skoda,2012,349999,44000,Diesel
308,308,308,Renault Duster,Renault,2015,449999,49000,Diesel
309,309,309,Maruti Suzuki Ertiga,Maruti,2018,799999,9000,Diesel
310,310,310,Maruti Suzuki Dzire,Maruti,2015,444999,45000,Diesel
311,311,311,Mahindra XUV500,Mahindra,2014,649999,47000,Diesel
312,312,312,Hyundai Verna Fluidic,Hyundai,2012,444999,40000,Diesel
313,313,313,Maruti Suzuki Vitara,Maruti,2016,689999,29000,Diesel
314,314,314,Maruti Suzuki Wagon,Maruti,2016,344999,15000,Petrol
315,315,315,Mahindra Scorpio,Mahindra,2015,944999,45000,Diesel
316,316,316,Honda Amaze,Honda,2014,274999,35000,Petrol
317,317,317,Mahindra XUV500,Mahindra,2013,689999,80000,Diesel
318,318,318,Mahindra Scorpio,Mahindra,2013,574999,68000,Diesel
319,319,319,Skoda Laura,Skoda,2013,374999,50000,Diesel
320,320,320,Volkswagen Polo,Volkswagen,2010,199999,60000,Diesel
321,321,321,Hyundai Elite i20,Hyundai,2016,549999,9000,Petrol
322,322,322,Tata Manza Aura,Tata,2012,130000,72000,Diesel
323,323,323,Chevrolet Sail UVA,Chevrolet,2013,210000,60000,Petrol
324,324,324,Renault Duster 110,Renault,2012,501000,38000,Diesel
325,325,325,Hyundai Verna Fluidic,Hyundai,2013,401000,45000,Diesel
326,326,326,Audi A4 2.0,Audi,2012,1350000,40000,Diesel
327,327,327,Hyundai Elantra SX,Hyundai,2013,600000,20000,Petrol
328,328,328,Mahindra Scorpio VLX,Mahindra,2013,610000,35000,Diesel
329,329,329,Mahindra KUV100 K8,Mahindra,2016,400000,20000,Diesel
330,330,330,Renault Scala RxL,Renault,2015,375000,25000,Diesel
331,331,331,Mahindra Quanto C8,Mahindra,2013,375000,20000,Diesel
332,332,332,Hyundai Grand i10,Hyundai,2014,365000,20000,Petrol
333,333,333,Hyundai i20 Active,Hyundai,2015,500000,18000,Petrol
334,334,334,Mahindra Xylo E4,Mahindra,2012,400000,35000,Diesel
335,335,335,Hyundai Grand i10,Hyundai,2017,524999,6821,Petrol
336,336,336,Hyundai i20,Hyundai,2014,449999,23000,Petrol
337,337,337,Hyundai Eon,Hyundai,2014,174999,14000,Petrol
338,338,338,Hyundai i10,Hyundai,2012,244999,38000,Petrol
339,339,339,Hyundai i20 Active,Hyundai,2015,574999,35000,Diesel
340,340,340,Datsun Redi GO,Datsun,2017,244999,22000,Petrol
341,341,341,Toyota Etios Liva,Toyota,2011,239999,41000,Petrol
342,342,342,Hyundai Accent,Hyundai,2010,99999,45000,Petrol
343,343,343,Hyundai Verna,Hyundai,2014,489999,44000,Diesel
344,344,344,Maruti Suzuki Swift,Maruti,2013,324999,45000,Diesel
345,345,345,Toyota Fortuner,Toyota,2011,1074999,52000,Diesel
346,346,346,Hyundai i10 Sportz,Hyundai,2012,230000,34000,Petrol
347,347,347,Mahindra Bolero Power,Mahindra,2018,699000,1800,Diesel
348,348,348,Mahindra XUV500,Mahindra,2015,1000000,15000,Diesel
349,349,349,Honda City 1.5,Honda,2010,240000,400000,Petrol
350,350,350,Chevrolet Spark LT,Chevrolet,2009,110000,44000,Petrol
351,351,351,Mahindra Jeep MM,Mahindra,2019,390000,60,Diesel
352,352,352,Renault Duster 110PS,Renault,2012,501000,35000,Diesel
353,353,353,Mahindra XUV500,Mahindra,2016,1130000,72000,Diesel
354,354,354,Tata Indigo eCS,Tata,2014,250000,40000,Diesel
355,355,355,Mahindra Bolero SLE,Mahindra,2013,330000,80200,Diesel
356,356,356,Force Motors Force,Force,2015,580000,3200,Diesel
357,357,357,Skoda Rapid Elegance,Skoda,2013,340000,48000,Diesel
358,358,358,Tata Vista Quadrajet,Tata,2011,120000,90000,Diesel
359,359,359,Maruti Suzuki Alto,Maruti,2015,265000,12000,Petrol
360,360,360,Maruti Suzuki SX4,Maruti,2012,265000,46000,Diesel
361,361,361,Maruti Suzuki Zen,Maruti,2003,85000,69900,Petrol
362,362,362,Mahindra Jeep CL550,Mahindra,2019,379000,0,Diesel
363,363,363,Hyundai i10 Magna,Hyundai,2011,175000,45000,Petrol
364,364,364,Maruti Suzuki Alto,Maruti,2015,219000,5000,Petrol
365,365,365,Maruti Suzuki Swift,Maruti,2016,350000,166000,Diesel
366,366,366,Honda City ZX,Honda,2008,149000,42000,Petrol
367,367,367,Mahindra Jeep CL550,Mahindra,2018,385000,588,Diesel
368,368,368,Mahindra Jeep MM,Mahindra,2006,425000,122,Diesel
369,369,369,Chevrolet Beat Diesel,Chevrolet,2017,150000,62000,Diesel
370,370,370,Honda City 1.5,Honda,2010,225000,70000,Petrol
371,371,371,Hyundai Verna 1.4,Hyundai,2014,375000,36000,Petrol
372,372,372,Toyota Innova 2.5,Toyota,2012,770000,0,Diesel
373,373,373,Maruti Suzuki Maruti,Maruti,1995,30000,55000,Petrol
374,374,374,Toyota Etios,Toyota,2011,275000,36000,Diesel
375,375,375,Volkswagen Polo,Volkswagen,2015,330000,38000,Diesel
376,376,376,Maruti Suzuki Swift,Maruti,2014,335000,55000,Diesel
377,377,377,Hyundai Elite i20,Hyundai,2015,450000,20000,Diesel
378,378,378,Maruti Suzuki Swift,Maruti,2012,225000,40000,Petrol
379,379,379,Maruti Suzuki Versa,Maruti,2004,80000,50000,Petrol
380,380,380,Tata Indigo LX,Tata,2016,130000,104000,Diesel
381,381,381,Volkswagen Vento Konekt,Volkswagen,2011,245000,65000,Diesel
382,382,382,Mercedes Benz C,Mercedes,2002,399000,41000,Petrol
383,383,383,Maruti Suzuki Ertiga,Maruti,2013,450000,90000,Diesel
384,384,384,Honda City,Honda,2000,65000,80000,Petrol
385,385,385,Hyundai Santro Xing,Hyundai,2006,75000,46000,Petrol
386,386,386,Maruti Suzuki Omni,Maruti,2001,70000,70000,Petrol
387,387,387,Hyundai Sonata Transform,Hyundai,2017,190000,36469,Diesel
388,388,388,Hyundai Elite i20,Hyundai,2018,600000,7800,Petrol
389,389,389,Volkswagen Vento Konekt,Volkswagen,2011,245000,65000,Diesel
390,390,390,Maruti Suzuki Alto,Maruti,2017,240000,60000,Petrol
391,391,391,Maruti Suzuki Alto,Maruti,2011,155000,32000,Petrol
392,392,392,Honda Jazz S,Honda,2009,169999,24695,Petrol
393,393,393,Hyundai Grand i10,Hyundai,2017,450000,15141,Petrol
394,394,394,Maruti Suzuki Zen,Maruti,2001,40000,40000,Petrol
395,395,395,Mahindra Scorpio W,Mahindra,2012,165000,65000,Diesel
396,396,396,Maruti Suzuki Alto,Maruti,2014,270000,22000,Petrol
397,397,397,Hyundai Grand i10,Hyundai,2016,280000,59910,Diesel
398,398,398,Mahindra XUV500 W8,Mahindra,2012,560000,100000,Diesel
399,399,399,Hyundai Creta 1.6,Hyundai,2016,950000,25000,Petrol
400,400,400,Hyundai i20 Magna,Hyundai,2013,310000,35000,Petrol
401,401,401,Renault Duster 85,Renault,2015,715000,65000,Diesel
402,402,402,Hyundai Grand i10,Hyundai,2014,340000,35000,Petrol
403,403,403,Honda Brio V,Honda,2012,235000,33000,Petrol
404,404,404,Mahindra TUV300 T4,Mahindra,2017,610000,68000,Diesel
405,405,405,Chevrolet Spark LS,Chevrolet,2010,95000,23000,Petrol
406,406,406,Mahindra TUV300 T8,Mahindra,2018,1000000,4500,Diesel
407,407,407,Maruti Suzuki Swift,Maruti,2015,220000,129000,Diesel
408,408,408,Nissan X Trail,Nissan,2019,1200000,300,Diesel
409,409,409,Maruti Suzuki Alto,Maruti,2015,230000,5000,Petrol
410,410,410,Ford Ikon 1.3,Ford,2001,45000,65000,Petrol
411,411,411,Toyota Fortuner 3.0,Toyota,2010,940000,131000,Diesel
412,412,412,Tata Manza ELAN,Tata,2010,155555,111111,Petrol
413,413,413,Mercedes Benz A,Mercedes,2013,1500000,14000,Petrol
414,414,414,Chevrolet Beat LS,Chevrolet,2016,210000,22000,Diesel
415,415,415,Ford EcoSport Trend,Ford,2013,495000,38000,Diesel
416,416,416,Tata Indigo LS,Tata,2016,125000,70000,Diesel
417,417,417,Hyundai i20 Magna,Hyundai,2010,195000,36000,Petrol
418,418,418,Volkswagen Vento Highline,Volkswagen,2015,550000,34000,Diesel
419,419,419,Renault Kwid RXT,Renault,2015,270000,43000,Petrol
420,420,420,Ford EcoSport Titanium,Ford,2014,500000,40000,Diesel
421,421,421,Honda Amaze 1.5,Honda,2016,240000,160000,Diesel
422,422,422,Hyundai Verna 1.6,Hyundai,2017,800000,12000,Petrol
423,423,423,BMW 5 Series,BMW,2011,1299000,49000,Diesel
424,424,424,Skoda Superb 1.8,Skoda,2011,530000,68000,Petrol
425,425,425,Audi Q3 2.0,Audi,2013,1499000,37000,Diesel
426,426,426,Mahindra Bolero DI,Mahindra,2012,220000,59466,Diesel
427,427,427,Mahindra Scorpio S10,Mahindra,2015,900000,97200,Diesel
428,428,428,Ford Figo Duratorq,Ford,2012,250000,99000,Diesel
429,429,429,Maruti Suzuki Wagon,Maruti,2018,395000,25500,Petrol
430,430,430,Mahindra Logan Diesel,Mahindra,2009,130000,66000,Petrol
431,431,431,Tata Nano GenX,Tata,2010,32000,44005,Petrol
432,432,432,Mahindra TUV300 T4,Mahindra,2016,540000,35000,Diesel
433,433,433,Mahindra TUV300 T4,Mahindra,2016,540000,35000,Diesel
434,434,434,Hyundai Elite i20,Hyundai,2015,405000,28000,Petrol
435,435,435,Hyundai Elite i20,Hyundai,2015,400000,30000,Petrol
436,436,436,Honda City SV,Honda,2017,760000,4000,Petrol
437,437,437,Maruti Suzuki Baleno,Maruti,2016,500000,28000,Petrol
438,438,438,Ford Figo Petrol,Ford,2011,175000,75000,Petrol
439,439,439,Mahindra Scorpio S10,Mahindra,2015,900000,97200,Diesel
440,440,440,Honda City,Honda,2017,750000,3000,Petrol
441,441,441,Hyundai Elite i20,Hyundai,2015,419000,20000,Petrol
442,442,442,Maruti Suzuki Versa,Maruti,2004,90000,50000,Petrol
443,443,443,Hyundai Eon Era,Hyundai,2018,140000,2110,Petrol
444,444,444,Mitsubishi Pajero Sport,Mitsubishi,2015,1540000,43222,Petrol
445,445,445,Hyundai i10 Magna,Hyundai,2008,275000,100200,Petrol
446,446,446,Toyota Corolla H2,Toyota,2003,150000,100000,Petrol
447,447,447,Maruti Suzuki Swift,Maruti,2011,230000,65,Petrol
448,448,448,Tata Indigo CS,Tata,2015,123000,100000,Diesel
449,449,449,Mahindra Scorpio S10,Mahindra,2015,900000,97200,Diesel
450,450,450,Mahindra Scorpio S10,Mahindra,2015,900000,97200,Diesel
451,451,451,Hyundai Xcent Base,Hyundai,2016,300000,140000,Diesel
452,452,452,Honda City,Honda,2015,499999,55000,Petrol
453,453,453,Hyundai Accent Executive,Hyundai,2009,165000,48000,Petrol
454,454,454,Maruti Suzuki Baleno,Maruti,2016,498000,22000,Petrol
455,455,455,Tata Zest XE,Tata,2018,480000,103553,Diesel
456,456,456,Maruti Suzuki Dzire,Maruti,2017,488000,80000,Diesel
457,457,457,Tata Sumo Gold,Tata,2014,250000,99000,Diesel
458,458,458,Toyota Corolla Altis,Toyota,2010,220000,58000,Petrol
459,459,459,Maruti Suzuki Eeco,Maruti,2013,290000,70000,LPG
460,460,460,Toyota Fortuner 3.0,Toyota,2015,1525000,120000,Diesel
461,461,461,Mahindra XUV500 W6,Mahindra,2013,548900,49800,Diesel
462,462,462,Tata Tigor Revotron,Tata,2019,650000,100,Diesel
463,463,463,Maruti Suzuki 800,Maruti,2001,55000,81876,Petrol
464,464,464,Maruti Suzuki Ertiga,Maruti,2015,550000,75000,Petrol
465,465,465,Maruti Suzuki Versa,Maruti,2004,90000,50000,Petrol
466,466,466,Honda Mobilio S,Honda,2014,399000,44000,Diesel
467,467,467,Maruti Suzuki Ertiga,Maruti,2016,730000,55000,Diesel
468,468,468,Maruti Suzuki Vitara,Maruti,2017,725000,36000,Diesel
469,469,469,Hyundai Verna 1.6,Hyundai,2016,195000,56000,Diesel
470,470,470,Maruti Suzuki Swift,Maruti,2007,130000,62000,Petrol
471,471,471,Toyota Fortuner 3.0,Toyota,2015,1525000,120000,Diesel
472,472,472,Maruti Suzuki Omni,Maruti,2014,190000,6020,Petrol
473,473,473,Honda Amaze,Honda,2013,250000,55700,Diesel
474,474,474,Tata Indica,Tata,2005,80000,42000,Petrol
475,475,475,Hyundai Santro Xing,Hyundai,2003,120000,50000,Petrol
476,476,476,Maruti Suzuki Zen,Maruti,2010,149000,35000,Petrol
477,477,477,Maruti Suzuki Wagon,Maruti,2014,250000,18500,Petrol
478,478,478,Maruti Suzuki Wagon,Maruti,2007,120000,7000,Petrol
479,479,479,Honda Brio VX,Honda,2017,450000,11000,Petrol
480,480,480,Maruti Suzuki Zen,Maruti,2003,99999,53000,Petrol
481,481,481,Maruti Suzuki Zen,Maruti,2008,135000,23000,Petrol
482,482,482,Maruti Suzuki Wagon,Maruti,2016,225000,35500,Diesel
483,483,483,Maruti Suzuki Alto,Maruti,2010,99000,22134,Petrol
484,484,484,Renault Kwid RXT,Renault,2019,370000,1000,Petrol
485,485,485,Tata Nano Lx,Tata,2010,52000,9000,Petrol
486,486,486,Jaguar XE XE,Jaguar,2016,2800000,8500,Petrol
487,487,487,Hyundai Eon Magna,Hyundai,2014,190000,35000,Petrol
488,488,488,Honda City 1.5,Honda,2014,499000,22000,Petrol
489,489,489,Hindustan Motors Ambassador,Hindustan,2002,90000,25000,Diesel
490,490,490,Maruti Suzuki Ritz,Maruti,2010,149000,40000,Petrol
491,491,491,Hyundai Grand i10,Hyundai,2017,400000,20000,Petrol
492,492,492,Hyundai Eon D,Hyundai,2016,120000,87000,Petrol
493,493,493,Maruti Suzuki Swift,Maruti,2015,250000,55000,Petrol
494,494,494,Maruti Suzuki Wagon,Maruti,2017,375000,23000,Petrol
495,495,495,Honda Amaze 1.2,Honda,2014,381000,6000,Petrol
496,496,496,Maruti Suzuki Estilo,Maruti,2013,180000,65000,Petrol
497,497,497,Maruti Suzuki Vitara,Maruti,2016,580000,25000,Diesel
498,498,498,Maruti Suzuki Eeco,Maruti,2015,278000,39000,Petrol
499,499,499,Hyundai Creta 1.6,Hyundai,2016,1000000,8000,Petrol
500,500,500,Mahindra Scorpio Vlx,Mahindra,2013,690000,75000,Diesel
501,501,501,Maruti Suzuki Ertiga,Maruti,2012,480000,51000,Diesel
502,502,502,Mitsubishi Lancer 1.8,Mitsubishi,2006,85000,50000,Petrol
503,503,503,Maruti Suzuki Maruti,Maruti,2001,40000,75000,Petrol
504,504,504,Maruti Suzuki Alto,Maruti,2015,90000,55800,Petrol
505,505,505,Hyundai Grand i10,Hyundai,2015,340000,53000,Petrol
506,506,506,Hyundai Eon D,Hyundai,2018,260000,25000,Petrol
507,507,507,Ford Fiesta SXi,Ford,2009,250000,56400,Petrol
508,508,508,Maruti Suzuki Ritz,Maruti,2010,180000,72160,Diesel
509,509,509,Hyundai Verna Fluidic,Hyundai,2012,350000,10000,Diesel
510,510,510,Maruti Suzuki Wagon,Maruti,2006,90001,48000,Petrol
511,511,511,Maruti Suzuki Estilo,Maruti,2007,115000,36000,Petrol
512,512,512,Audi A6 2.0,Audi,2012,1599000,11500,Diesel
513,513,513,Maruti Suzuki Wagon,Maruti,2003,130000,133000,Petrol
514,514,514,Maruti Suzuki Wagon,Maruti,2009,159000,27000,Petrol
515,515,515,Maruti Suzuki Wagon,Maruti,2009,160000,35000,Petrol
516,516,516,Maruti Suzuki Alto,Maruti,2010,110000,55000,Petrol
517,517,517,Maruti Suzuki Baleno,Maruti,2016,425000,40000,Petrol
518,518,518,Hyundai Verna 1.6,Hyundai,2019,900000,2000,Petrol
519,519,519,Maruti Suzuki Swift,Maruti,2009,150000,45000,Petrol
520,520,520,Hyundai Getz Prime,Hyundai,2009,110000,20000,Petrol
521,521,521,Hyundai Santro,Hyundai,2000,51999,88000,Petrol
522,522,522,Hyundai Getz Prime,Hyundai,2009,115000,20000,Petrol
523,523,523,Chevrolet Beat PS,Chevrolet,2012,215000,65422,Diesel
524,524,524,Ford EcoSport Trend,Ford,2017,580000,10000,Petrol
525,525,525,Maruti Suzuki Dzire,Maruti,2013,380000,35000,Petrol
526,526,526,Hyundai Fluidic Verna,Hyundai,2013,350000,117000,Diesel
527,527,527,Tata Indica V2,Tata,2005,35000,150000,Diesel
528,528,528,BMW X1 xDrive20d,BMW,2011,1150000,72000,Diesel
529,529,529,Hyundai i20 Asta,Hyundai,2010,300000,10750,Petrol
530,530,530,Honda City 1.5,Honda,2009,269000,55000,Petrol
531,531,531,Tata Nano,Tata,2013,60000,6800,Petrol
532,532,532,Chevrolet Cruze LTZ,Chevrolet,2014,400000,41000,Diesel
533,533,533,Hyundai Verna Fluidic,Hyundai,2015,430000,73000,Diesel
534,534,534,Maruti Suzuki Swift,Maruti,2011,140000,65000,Diesel
535,536,536,Mahindra XUV500 W10,Mahindra,2018,1299000,40000,Diesel
536,537,537,Maruti Suzuki Alto,Maruti,2014,199000,37000,Petrol
537,538,538,Hyundai Accent GLE,Hyundai,2006,90000,55000,Petrol
538,539,539,Force Motors One,Force,2013,550000,140000,Diesel
539,540,540,Maruti Suzuki Alto,Maruti,2019,265000,9800,Petrol
540,541,541,Chevrolet Spark 1.0,Chevrolet,2011,100000,27000,Petrol
541,542,542,Hyundai i10,Hyundai,2009,215000,27000,Petrol
542,543,543,Toyota Etios Liva,Toyota,2012,380000,20000,Diesel
543,544,544,Renault Duster 85PS,Renault,2013,401919,57923,Diesel
544,545,545,Chevrolet Enjoy,Chevrolet,2014,490000,30201,Diesel
545,546,546,Maruti Suzuki Alto,Maruti,2017,280000,6200,Petrol
546,547,547,BMW 5 Series,BMW,2009,650000,37518,Petrol
547,548,548,Toyota Etios Liva,Toyota,2014,160000,24652,Petrol
548,549,549,Mahindra Jeep MM,Mahindra,2004,424000,383,Diesel
549,550,550,Chevrolet Beat LS,Chevrolet,2016,225000,95000,Diesel
550,551,551,Chevrolet Cruze LTZ,Chevrolet,2011,350000,35000,Diesel
551,552,552,Jeep Wrangler Unlimited,Jeep,2015,950000,3528,Diesel
552,553,553,Maruti Suzuki Ertiga,Maruti,2013,485000,52500,Diesel
553,554,554,Hyundai Verna VGT,Hyundai,2010,205000,47900,Diesel
554,555,555,Maruti Suzuki Omni,Maruti,2012,160000,14000,Petrol
555,556,556,Maruti Suzuki Celerio,Maruti,2018,310000,37000,Petrol
556,557,557,Tata Zest Quadrajet,Tata,2017,180000,90000,Diesel
557,558,558,Mahindra XUV500 W6,Mahindra,2013,549900,52800,Diesel
558,559,559,Tata Indigo CS,Tata,2016,150000,104000,Diesel
559,560,560,Hyundai i10 Era,Hyundai,2011,175000,30000,Petrol
560,561,561,Tata Indigo eCS,Tata,2014,95000,195000,Diesel
561,562,562,Tata Indigo LX,Tata,2016,230000,104000,Diesel
562,563,563,Tata Indigo eCS,Tata,2016,230000,104000,Diesel
563,564,564,Tata Indigo Marina,Tata,2004,180000,70000,Diesel
564,565,565,Hyundai Xcent SX,Hyundai,2015,400000,43000,Diesel
565,566,566,Hyundai Eon Magna,Hyundai,2013,185000,23000,Petrol
566,567,567,Renault Duster 85,Renault,2015,385000,51000,Diesel
567,568,568,Maruti Suzuki Alto,Maruti,2009,90000,62000,Petrol
568,569,569,Tata Nano LX,Tata,2010,32000,48008,Petrol
569,570,570,Renault Duster 110,Renault,2013,435000,39000,Diesel
570,571,571,Maruti Suzuki Wagon,Maruti,2010,225000,40000,Petrol
571,572,572,Maruti Suzuki Swift,Maruti,2006,189700,48247,Petrol
572,573,573,Maruti Suzuki Ertiga,Maruti,2012,389700,39000,Diesel
573,574,574,Maruti Suzuki Swift,Maruti,2014,365000,23000,Petrol
574,575,575,Maruti Suzuki Alto,Maruti,2017,360000,9400,Petrol
575,576,576,Hyundai i20 Magna,Hyundai,2010,210000,50000,Petrol
576,577,577,Hyundai i10 Magna,Hyundai,2009,170000,75000,Petrol
577,578,578,Tata Zest XE,Tata,2017,380000,70000,Diesel
578,579,579,Mahindra Xylo E8,Mahindra,2009,295000,64000,Diesel
579,580,580,Toyota Corolla Altis,Toyota,2010,185000,55000,Petrol
580,581,581,Tata Manza Aqua,Tata,2014,160000,200000,Diesel
581,582,582,Renault Kwid 1.0,Renault,2018,290000,2137,Petrol
582,583,583,Tata Venture EX,Tata,2013,100000,30000,Diesel
583,584,584,Maruti Suzuki Swift,Maruti,2014,315000,44000,Petrol
584,585,585,Skoda Octavia Classic,Skoda,2006,114990,65000,Diesel
585,586,586,Maruti Suzuki Omni,Maruti,2012,120000,160000,LPG
586,587,587,Chevrolet Beat Diesel,Chevrolet,2011,125000,56000,Diesel
587,588,588,Tata Sumo Gold,Tata,2012,210000,75000,Diesel
588,589,589,Hyundai Verna 1.6,Hyundai,2018,855000,42000,Diesel
589,590,590,Tata Sumo Gold,Tata,2012,210000,75000,Diesel
590,591,591,Mahindra Scorpio 2.6,Mahindra,2007,260000,56000,Diesel
591,592,592,Maruti Suzuki Zen,Maruti,2002,95000,10544,Petrol
592,593,593,Maruti Suzuki Swift,Maruti,2011,255000,64000,Petrol
593,594,594,Mahindra Scorpio SLX,Mahindra,2008,300000,70000,Diesel
594,595,595,Hyundai Grand i10,Hyundai,2014,340000,25000,Petrol
595,596,596,Hyundai Elite i20,Hyundai,2017,550000,15000,Petrol
596,597,597,Ford Ikon 1.6,Ford,2003,60000,50000,Petrol
597,598,598,Toyota Innova 2.5,Toyota,2011,750000,147000,Diesel
598,599,599,Nissan Sunny XL,Nissan,2011,230000,52000,Petrol
599,600,600,Chevrolet Beat LT,Chevrolet,2012,130000,90001,Diesel
600,601,601,Maruti Suzuki Alto,Maruti,2017,270000,21000,Petrol
601,602,602,Maruti Suzuki Swift,Maruti,2012,280000,48006,Diesel
602,603,603,Maruti Suzuki Swift,Maruti,2012,280000,48006,Diesel
603,604,604,Maruti Suzuki Swift,Maruti,2012,280000,48006,Diesel
604,605,605,Toyota Innova 2.0,Toyota,2012,600000,80000,Diesel
605,606,606,Maruti Suzuki Swift,Maruti,2010,190000,74000,Diesel
606,607,607,Hyundai Elite i20,Hyundai,2015,500000,22000,Petrol
607,608,608,Mahindra XUV500 W10,Mahindra,2016,1065000,41000,Diesel
608,609,609,Volkswagen Polo Trendline,Volkswagen,2015,350000,25000,Diesel
609,610,610,Toyota Etios Liva,Toyota,2012,350000,85000,Diesel
610,611,611,Mahindra TUV300 T4,Mahindra,2016,540000,29500,Diesel
611,612,612,Hyundai Elite i20,Hyundai,2015,470000,30000,Petrol
612,613,613,Hyundai Santro Xing,Hyundai,2014,179000,57000,Petrol
613,614,614,Maruti Suzuki Zen,Maruti,2003,48000,60000,Petrol
614,615,615,Maruti Suzuki Ciaz,Maruti,2016,650000,50000,Petrol
615,616,616,Hyundai Eon Era,Hyundai,2013,190000,39700,Petrol
616,617,617,Hyundai Elantra 1.8,Hyundai,2012,500000,65000,Petrol
617,618,618,Maruti Suzuki Swift,Maruti,2010,270000,67000,Diesel
618,619,619,Maruti Suzuki Zen,Maruti,2008,125000,46000,Petrol
619,620,620,Hyundai Eon Era,Hyundai,2012,188000,38000,Petrol
620,621,621,Hyundai Grand i10,Hyundai,2016,380000,27000,Petrol
621,622,622,Hyundai Verna Fluidic,Hyundai,2011,365000,43000,Diesel
622,623,623,Ford EcoSport Trend,Ford,2014,465000,47000,Petrol
623,624,624,Hyundai i20 Magna,Hyundai,2011,240000,42000,Petrol
624,625,625,Chevrolet Beat Diesel,Chevrolet,2016,179999,19336,Diesel
625,626,626,Tata Indica eV2,Tata,2015,140000,60105,Diesel
626,627,627,Jaguar XF 2.2,Jaguar,2013,2190000,29000,Diesel
627,628,628,Audi Q5 2.0,Audi,2014,2390000,34000,Diesel
628,629,629,BMW 3 Series,BMW,2011,1075000,35000,Diesel
629,630,630,Maruti Suzuki Swift,Maruti,2015,475000,22000,Petrol
630,631,631,BMW X1 sDrive20d,BMW,2012,1025000,41000,Diesel
631,632,632,Maruti Suzuki S,Maruti,2016,615000,21000,Diesel
632,633,633,Maruti Suzuki Ertiga,Maruti,2013,475000,48000,Diesel
633,634,634,Maruti Suzuki Alto,Maruti,2016,270000,38000,Petrol
634,635,635,Honda City SV,Honda,2014,475000,34000,Diesel
635,636,636,Volkswagen Vento Comfortline,Volkswagen,2011,240000,45933,Petrol
636,637,637,Honda City 1.5,Honda,2005,120000,68000,Petrol
637,638,638,Audi A4 2.0,Audi,2016,1900000,44000,Diesel
638,639,639,Mahindra KUV100,Mahindra,2017,360000,35000,Diesel
639,640,640,Tata Zest XE,Tata,2018,450000,102563,Diesel
640,641,641,Mahindra XUV500 W8,Mahindra,2015,900000,28600,Diesel
641,642,642,Maruti Suzuki Swift,Maruti,2017,650000,41800,Diesel
642,643,643,Tata Sumo Gold,Tata,2014,275000,116000,Diesel
643,644,644,Maruti Suzuki Swift,Maruti,2009,210000,59000,Petrol
644,645,645,Mahindra Scorpio 2.6,Mahindra,2004,175000,58000,Diesel
645,646,646,Maruti Suzuki Omni,Maruti,2009,85000,45000,Petrol
646,647,647,Mitsubishi Pajero Sport,Mitsubishi,2015,1490000,42590,Diesel
647,648,648,Renault Duster,Renault,2014,800000,7400,Diesel
648,649,649,Volkswagen Jetta Comfortline,Volkswagen,2009,450000,54500,Diesel
649,650,650,Maruti Suzuki Ertiga,Maruti,2012,1000000,200000,Diesel
650,651,651,Audi A4 2.0,Audi,2013,1510000,27000,Diesel
651,652,652,Volvo S80 Summum,Volvo,2015,1850000,42000,Diesel
652,653,653,Toyota Corolla Altis,Toyota,2014,790000,29000,Petrol
653,654,654,Mitsubishi Pajero Sport,Mitsubishi,2015,1725000,37000,Diesel
654,655,655,Chevrolet Beat LT,Chevrolet,2012,135000,36000,Petrol
655,656,656,BMW X1,BMW,2011,1000000,34000,Diesel
656,657,657,Datsun Redi GO,Datsun,2018,299999,7000,Petrol
657,658,658,Mercedes Benz C,Mercedes,2009,1225000,76000,Diesel
658,659,659,Mahindra Scorpio SLX,Mahindra,2004,175000,60000,Diesel
659,660,660,Volkswagen Vento Comfortline,Volkswagen,2011,200000,95000,Diesel
660,661,661,Tata Indigo CS,Tata,2017,270000,50000,Diesel
661,662,662,Ford Figo Petrol,Ford,2019,525000,0,Petrol
662,663,663,Honda City ZX,Honda,2006,180000,50000,Petrol
663,664,664,Maruti Suzuki Wagon,Maruti,2008,140000,68000,Petrol
664,665,665,Ford EcoSport Trend,Ford,2014,400000,16000,Petrol
665,666,666,Maruti Suzuki Swift,Maruti,2016,499000,51000,Diesel
666,667,667,Maruti Suzuki Omni,Maruti,2009,85000,56000,Petrol
667,668,668,Maruti Suzuki Zen,Maruti,2004,70000,100000,Petrol
668,669,669,Renault Duster RxL,Renault,2015,550000,36000,Petrol
669,670,670,Maruti Suzuki Swift,Maruti,2014,370000,11523,Petrol
670,671,671,Maruti Suzuki Baleno,Maruti,2018,690000,1000,Petrol
671,672,672,Honda WR V,Honda,2009,250000,60000,Petrol
672,673,673,Tata Indigo CS,Tata,2016,110000,85000,Diesel
673,674,674,Renault Duster 110,Renault,2013,490000,38600,Diesel
674,675,675,Mahindra Scorpio LX,Mahindra,2009,320000,95500,Diesel
675,676,676,Maruti Suzuki Zen,Maruti,2004,68000,56000,Petrol
676,677,677,Maruti Suzuki Wagon,Maruti,2014,130000,37458,Petrol
677,678,678,Maruti Suzuki SX4,Maruti,2016,970000,85960,Diesel
678,679,679,Audi A3 Cabriolet,Audi,2015,3100000,12516,Petrol
679,680,680,Hyundai Eon D,Hyundai,2018,280000,35000,Petrol
680,681,681,Maruti Suzuki Zen,Maruti,2009,125000,0,Petrol
681,682,682,Mahindra Scorpio SLX,Mahindra,2008,285000,80000,Diesel
682,683,683,Hyundai Santro AE,Hyundai,2011,165000,45000,Petrol
683,684,684,Maruti Suzuki Swift,Maruti,2009,250000,51000,Diesel
684,685,685,Mahindra Scorpio S4,Mahindra,2015,865000,30000,Diesel
685,686,686,Mahindra Xylo D2,Mahindra,2011,390000,48000,Diesel
686,687,687,Hyundai Santro,Hyundai,2003,60000,51000,Petrol
687,688,688,Chevrolet Beat LT,Chevrolet,2015,215000,90000,Diesel
688,689,689,Maruti Suzuki Swift,Maruti,2015,475000,43000,Diesel
689,690,690,Mahindra XUV500 W8,Mahindra,2015,899000,53000,Diesel
690,691,691,Toyota Fortuner 3.0,Toyota,2013,1499000,97000,Diesel
691,692,692,Maruti Suzuki Alto,Maruti,2013,240000,20000,Petrol
692,693,693,Hyundai Getz GLE,Hyundai,2007,99000,55000,Petrol
693,694,694,Maruti Suzuki Swift,Maruti,2014,260000,120000,Diesel
694,695,695,Hyundai Creta 1.6,Hyundai,2019,1200000,0,Petrol
695,696,696,Hyundai Santro Xing,Hyundai,2007,115000,46000,Petrol
696,697,697,Hyundai Santro Xing,Hyundai,2009,88000,43200,Petrol
697,698,698,Mahindra Xylo D2,Mahindra,2011,390000,56000,Diesel
698,699,699,Hyundai Santro Xing,Hyundai,2007,135000,42000,Petrol
699,700,700,Tata Indica V2,Tata,2009,90000,30600,Diesel
700,701,701,Hyundai i10 Sportz,Hyundai,2011,220000,38000,Petrol
701,702,702,Hyundai Grand i10,Hyundai,2017,424999,2550,Petrol
702,703,703,Hyundai Santro Xing,Hyundai,2007,135000,47000,Petrol
703,704,704,Honda City 1.5,Honda,2005,95000,41000,Petrol
704,705,705,Nissan Micra XL,Nissan,2017,430000,62500,Diesel
705,706,706,Honda City 1.5,Honda,2005,115000,68000,Petrol
706,707,707,Maruti Suzuki Alto,Maruti,2015,215000,50000,Petrol
707,708,708,Maruti Suzuki Wagon,Maruti,2004,53000,69000,Petrol
708,709,709,Maruti Suzuki Ertiga,Maruti,2012,500000,48000,Diesel
709,710,710,Tata Indica eV2,Tata,2012,85000,55000,Diesel
710,711,711,Maruti Suzuki Omni,Maruti,2013,165000,25000,Petrol
711,712,712,Hyundai Eon Era,Hyundai,2014,200000,28400,Petrol
712,713,713,Hyundai Eon,Hyundai,2014,200000,28000,Petrol
713,714,714,Maruti Suzuki Swift,Maruti,2015,425000,42000,Diesel
714,715,715,Hyundai Verna 1.6,Hyundai,2012,600000,29000,Diesel
715,716,716,Chevrolet Tavera LS,Chevrolet,2005,130000,68485,Diesel
716,717,717,Tata Tiago Revotron,Tata,2018,430000,3500,Petrol
717,718,718,Tata Tiago Revotorq,Tata,2019,568500,0,Petrol
718,719,719,Maruti Suzuki Zen,Maruti,2006,71000,32000,Petrol
719,720,720,Mahindra KUV100 K8,Mahindra,2018,560000,8000,Diesel
720,721,721,Ford EcoSport Titanium,Ford,2014,590000,34000,Diesel
721,722,722,Hindustan Motors Ambassador,Hindustan,1995,750000,37000,Petrol
722,723,723,Ford Fusion 1.4,Ford,2007,125000,85455,Diesel
723,724,724,Hyundai Santro Xing,Hyundai,2007,135000,46000,Petrol
724,725,725,Hyundai Santro,Hyundai,2002,60000,47000,Petrol
725,726,726,Fiat Linea Emotion,Fiat,2009,120000,64000,Petrol
726,727,727,Ford Ikon 1.3,Ford,2008,95000,46000,Petrol
727,728,728,Maruti Suzuki Omni,Maruti,2017,240000,8000,Petrol
728,729,729,Tata Indica V2,Tata,2012,115000,64000,Diesel
729,730,730,Mahindra Scorpio S4,Mahindra,2015,795000,63000,Diesel
730,731,731,Hyundai Santro Xing,Hyundai,2007,55000,65000,Petrol
731,732,732,Mahindra Xylo D2,Mahindra,2009,300000,62000,Diesel
732,733,733,Hyundai Grand i10,Hyundai,2014,320000,41000,Petrol
733,734,734,Maruti Suzuki Alto,Maruti,2015,265000,14000,Petrol
734,735,735,Toyota Corolla,Toyota,2006,160000,40000,Petrol
735,736,736,Hyundai Eon Magna,Hyundai,2017,300000,1600,Petrol
736,737,737,Tata Sumo Grande,Tata,2010,130000,90000,Diesel
737,738,738,Maruti Suzuki Swift,Maruti,2011,250000,58000,Diesel
738,739,739,Volkswagen Polo Highline1.2L,Volkswagen,2013,380000,27000,Petrol
739,740,740,Maruti Suzuki Alto,Maruti,2003,42000,60000,Petrol
740,741,741,Tata Tiago Revotron,Tata,2017,400000,31000,Petrol
741,742,742,Maruti Suzuki Swift,Maruti,2009,120000,90000,Diesel
742,743,743,Maruti Suzuki Swift,Maruti,2009,120000,90000,Diesel
743,744,744,Tata Indigo eCS,Tata,2016,130000,150000,Diesel
744,745,745,Chevrolet Beat LS,Chevrolet,2014,189000,31000,Diesel
745,746,746,Mahindra Xylo E8,Mahindra,2011,365000,43000,Diesel
746,747,747,Hyundai Eon D,Hyundai,2013,170000,20000,Petrol
747,748,748,Tata Sumo Gold,Tata,2013,215000,100000,Petrol
748,749,749,Tata Nano,Tata,2013,60000,7000,Petrol
749,750,750,Hyundai Elite i20,Hyundai,2017,599999,31000,Petrol
750,751,751,Hyundai i10 Magna,Hyundai,2009,400000,33000,Petrol
751,752,752,Hyundai Creta,Hyundai,2016,900000,60000,Diesel
752,753,753,Volkswagen Polo,Volkswagen,2013,299999,48000,Diesel
753,754,754,Maruti Suzuki Dzire,Maruti,2014,374999,33000,Petrol
754,755,755,Tata Bolt XM,Tata,2015,600000,15000,Petrol
755,756,756,Maruti Suzuki Alto,Maruti,2005,70000,47000,Petrol
756,757,757,Maruti Suzuki Alto,Maruti,2005,100000,40000,Petrol
757,758,758,Maruti Suzuki Ritz,Maruti,2010,150000,38000,Diesel
758,759,759,Maruti Suzuki Alto,Maruti,2017,225000,12500,Petrol
759,760,760,Maruti Suzuki Dzire,Maruti,2009,210000,42000,Petrol
760,761,761,Hyundai i20 Asta,Hyundai,2014,425000,31000,Petrol
761,762,762,Maruti Suzuki Swift,Maruti,2008,162000,60000,Diesel
762,763,763,Tata Indica V2,Tata,2005,60000,80000,Diesel
763,764,764,Mahindra Scorpio VLX,Mahindra,2014,650000,77000,Diesel
764,765,765,Toyota Innova 2.5,Toyota,2012,750000,75000,Diesel
765,766,766,Mahindra Xylo E8,Mahindra,2010,375000,40000,Diesel
766,767,767,Hyundai i20 Magna,Hyundai,2011,230000,47000,Petrol
767,768,768,Maruti Suzuki Omni,Maruti,2000,35999,60000,Petrol
768,769,769,Mahindra KUV100,Mahindra,2016,380000,26500,Petrol
769,770,770,Mahindra KUV100 K8,Mahindra,2019,560000,2875,Petrol
770,771,771,Datsun Go Plus,Datsun,2016,285000,13900,Petrol
771,772,772,Ford Endeavor 4x4,Ford,2019,2900000,9000,Diesel
772,773,773,Tata Indica V2,Tata,2005,39999,80000,Diesel
773,774,774,Hyundai Santro Xing,Hyundai,2006,85000,60000,Petrol
774,775,775,Maruti Suzuki Wagon,Maruti,2016,395000,20000,Petrol
775,776,776,Maruti Suzuki Swift,Maruti,2008,175000,58000,Diesel
776,777,777,Maruti Suzuki Alto,Maruti,2019,400000,1500,Petrol
777,778,778,Toyota Innova 2.5,Toyota,2011,750000,75000,Diesel
778,779,779,Maruti Suzuki Alto,Maruti,2016,250000,2450,Petrol
779,780,780,Maruti Suzuki Alto,Maruti,2019,425000,1625,Petrol
780,781,781,Volkswagen Polo Highline1.2L,Volkswagen,2017,525000,45000,Petrol
781,782,782,Mahindra Logan,Mahindra,2009,130000,65000,Diesel
782,783,783,Maruti Suzuki 800,Maruti,2000,30000,33400,Petrol
783,784,784,Mahindra Scorpio,Mahindra,2011,475000,60123,Diesel
784,785,785,Chevrolet Sail 1.2,Chevrolet,2013,300000,28000,Petrol
785,786,786,Hyundai Santro AE,Hyundai,2003,60000,70000,Petrol
786,787,787,Maruti Suzuki Wagon,Maruti,2006,100000,7000,Petrol
787,788,788,Hyundai Eon,Hyundai,2018,260000,25000,Petrol
788,789,789,Tata Manza,Tata,2015,100000,100000,Diesel
789,790,790,Toyota Etios G,Toyota,2013,265000,42000,Petrol
790,791,791,Hyundai Getz Prime,Hyundai,2009,115000,20000,Petrol
791,792,792,Toyota Qualis,Toyota,2003,180000,100000,Diesel
792,793,793,Hyundai Santro Xing,Hyundai,2004,45000,137495,Petrol
793,794,794,Tata Indica eV2,Tata,2016,50500,91200,Diesel
794,795,795,Honda City 1.5,Honda,2009,270000,55000,Petrol
795,796,796,Tata Zest XE,Tata,2017,290000,120000,Diesel
796,797,797,Mahindra Quanto C4,Mahindra,2013,325000,63000,Diesel
797,798,798,Tata Indigo eCS,Tata,2016,160000,104000,Diesel
798,799,799,Maruti Suzuki Swift,Maruti,2016,350000,146000,Diesel
799,800,800,Hyundai Elite i20,Hyundai,2011,290000,40000,Petrol
800,801,801,Hyundai i20 Select,Hyundai,2011,290000,40000,Petrol
801,802,802,Chevrolet Tavera Neo,Chevrolet,2007,465000,100800,Diesel
802,803,803,Maruti Suzuki Dzire,Maruti,2016,325000,150000,Diesel
803,804,804,Hyundai Elite i20,Hyundai,2018,510000,2100,Petrol
804,805,805,Honda City VX,Honda,2016,860000,95000,Petrol
805,806,806,Maruti Suzuki Dzire,Maruti,2016,450000,2500,Diesel
806,807,807,Hyundai Getz,Hyundai,2006,125000,80000,Petrol
807,808,808,Mercedes Benz C,Mercedes,2006,500001,15000,Petrol
808,809,809,Maruti Suzuki Alto,Maruti,2005,95000,65000,Petrol
809,810,810,Maruti Suzuki Swift,Maruti,2009,250000,51000,Diesel
810,811,811,Skoda Fabia,Skoda,2009,110000,45000,Petrol
811,812,812,Maruti Suzuki Ritz,Maruti,2011,270000,50000,Petrol
812,813,813,Tata Indica V2,Tata,2009,110000,30000,Diesel
813,814,814,Toyota Corolla Altis,Toyota,2009,300000,132000,Petrol
814,815,815,Tata Zest XM,Tata,2018,260000,27000,Diesel
815,816,816,Mahindra Quanto C8,Mahindra,2013,390000,40000,Diesel
